[{"model": "admin.logentry", "pk": 1, "fields": {"action_time": "2025-07-02T11:44:27.996Z", "user": 1, "content_type": 7, "object_id": "1", "object_repr": "Author object (1)", "action_flag": 1, "change_message": "[{\"added\": {}}]"}}, {"model": "admin.logentry", "pk": 2, "fields": {"action_time": "2025-07-02T11:44:36.955Z", "user": 1, "content_type": 7, "object_id": "2", "object_repr": "Author object (2)", "action_flag": 1, "change_message": "[{\"added\": {}}]"}}, {"model": "admin.logentry", "pk": 3, "fields": {"action_time": "2025-07-02T11:44:50.851Z", "user": 1, "content_type": 7, "object_id": "3", "object_repr": "Author object (3)", "action_flag": 1, "change_message": "[{\"added\": {}}]"}}, {"model": "admin.logentry", "pk": 4, "fields": {"action_time": "2025-07-02T11:45:15.902Z", "user": 1, "content_type": 7, "object_id": "4", "object_repr": "Author object (4)", "action_flag": 1, "change_message": "[{\"added\": {}}]"}}, {"model": "admin.logentry", "pk": 5, "fields": {"action_time": "2025-07-02T11:45:36.008Z", "user": 1, "content_type": 7, "object_id": "5", "object_repr": "Author object (5)", "action_flag": 1, "change_message": "[{\"added\": {}}]"}}, {"model": "admin.logentry", "pk": 6, "fields": {"action_time": "2025-07-02T11:46:12.267Z", "user": 1, "content_type": 7, "object_id": "6", "object_repr": "Author object (6)", "action_flag": 1, "change_message": "[{\"added\": {}}]"}}, {"model": "admin.logentry", "pk": 7, "fields": {"action_time": "2025-07-02T11:50:33.171Z", "user": 1, "content_type": 8, "object_id": "1", "object_repr": "\"Маленький принц\".", "action_flag": 1, "change_message": "[{\"added\": {}}]"}}, {"model": "admin.logentry", "pk": 8, "fields": {"action_time": "2025-07-02T11:52:15.659Z", "user": 1, "content_type": 8, "object_id": "2", "object_repr": "\"Горе от ума\"", "action_flag": 1, "change_message": "[{\"added\": {}}]"}}, {"model": "admin.logentry", "pk": 9, "fields": {"action_time": "2025-07-02T11:53:08.023Z", "user": 1, "content_type": 7, "object_id": "7", "object_repr": "null", "action_flag": 1, "change_message": "[{\"added\": {}}]"}}, {"model": "admin.logentry", "pk": 10, "fields": {"action_time": "2025-07-02T11:53:50.659Z", "user": 1, "content_type": 8, "object_id": "3", "object_repr": "\"Бригада\"", "action_flag": 1, "change_message": "[{\"added\": {}}]"}}, {"model": "admin.logentry", "pk": 11, "fields": {"action_time": "2025-07-02T11:54:14.529Z", "user": 1, "content_type": 7, "object_id": "6", "object_repr": "Мартин Лютера Кинг", "action_flag": 2, "change_message": "[{\"changed\": {\"fields\": [\"Name\"]}}]"}}, {"model": "admin.logentry", "pk": 12, "fields": {"action_time": "2025-07-02T11:54:37.536Z", "user": 1, "content_type": 8, "object_id": "4", "object_repr": "\"Марш на Вашингтон\"", "action_flag": 1, "change_message": "[{\"added\": {}}]"}}, {"model": "admin.logentry", "pk": 13, "fields": {"action_time": "2025-07-02T11:57:33.232Z", "user": 1, "content_type": 9, "object_id": "1", "object_repr": "\"У меня есть мечта\"", "action_flag": 1, "change_message": "[{\"added\": {}}]"}}, {"model": "admin.logentry", "pk": 14, "fields": {"action_time": "2025-07-02T11:58:16.307Z", "user": 1, "content_type": 9, "object_id": "2", "object_repr": "\"На каждого крутого бойца ещё круче найдётся.\"", "action_flag": 1, "change_message": "[{\"added\": {}}]"}}, {"model": "admin.logentry", "pk": 15, "fields": {"action_time": "2025-07-02T11:58:47.372Z", "user": 1, "content_type": 9, "object_id": "3", "object_repr": "\"Мы в ответе за тех, кого приручили\"", "action_flag": 1, "change_message": "[{\"added\": {}}]"}}, {"model": "admin.logentry", "pk": 16, "fields": {"action_time": "2025-07-02T11:59:07.528Z", "user": 1, "content_type": 9, "object_id": "4", "object_repr": "\"Счастливые часов не наблюдают\"", "action_flag": 1, "change_message": "[{\"added\": {}}]"}}, {"model": "admin.logentry", "pk": 17, "fields": {"action_time": "2025-07-02T12:22:19.385Z", "user": 1, "content_type": 7, "object_id": "7", "object_repr": "", "action_flag": 2, "change_message": "[{\"changed\": {\"fields\": [\"Name\"]}}]"}}, {"model": "admin.logentry", "pk": 18, "fields": {"action_time": "2025-07-02T12:22:41.733Z", "user": 1, "content_type": 8, "object_id": "3", "object_repr": "\"Бригада\"", "action_flag": 2, "change_message": "[]"}}, {"model": "admin.logentry", "pk": 19, "fields": {"action_time": "2025-07-02T12:31:41.937Z", "user": 1, "content_type": 8, "object_id": "1", "object_repr": "\"Маленький принц\".", "action_flag": 2, "change_message": "[]"}}, {"model": "admin.logentry", "pk": 20, "fields": {"action_time": "2025-07-04T15:28:05.972Z", "user": 1, "content_type": 7, "object_id": "8", "object_repr": "Лев Толстой", "action_flag": 1, "change_message": "[{\"added\": {}}]"}}, {"model": "admin.logentry", "pk": 21, "fields": {"action_time": "2025-07-04T15:28:11.244Z", "user": 1, "content_type": 7, "object_id": "9", "object_repr": "Иван Грозный", "action_flag": 1, "change_message": "[{\"added\": {}}]"}}, {"model": "admin.logentry", "pk": 22, "fields": {"action_time": "2025-07-04T15:28:23.632Z", "user": 1, "content_type": 7, "object_id": "10", "object_repr": "Дмитрий Донской", "action_flag": 1, "change_message": "[{\"added\": {}}]"}}, {"model": "admin.logentry", "pk": 23, "fields": {"action_time": "2025-07-04T15:28:28.184Z", "user": 1, "content_type": 7, "object_id": "11", "object_repr": "Петр Первый", "action_flag": 1, "change_message": "[{\"added\": {}}]"}}, {"model": "admin.logentry", "pk": 24, "fields": {"action_time": "2025-07-04T15:28:30.513Z", "user": 1, "content_type": 7, "object_id": "12", "object_repr": "Тот самый", "action_flag": 1, "change_message": "[{\"added\": {}}]"}}, {"model": "admin.logentry", "pk": 25, "fields": {"action_time": "2025-07-04T15:28:34.454Z", "user": 1, "content_type": 7, "object_id": "13", "object_repr": "Жених", "action_flag": 1, "change_message": "[{\"added\": {}}]"}}, {"model": "admin.logentry", "pk": 26, "fields": {"action_time": "2025-07-04T15:28:44.460Z", "user": 1, "content_type": 7, "object_id": "14", "object_repr": "Источник цитат 0.1", "action_flag": 1, "change_message": "[{\"added\": {}}]"}}, {"model": "admin.logentry", "pk": 27, "fields": {"action_time": "2025-07-04T15:28:53.900Z", "user": 1, "content_type": 7, "object_id": "15", "object_repr": "Источник 0.2", "action_flag": 1, "change_message": "[{\"added\": {}}]"}}, {"model": "admin.logentry", "pk": 28, "fields": {"action_time": "2025-07-04T15:28:59.536Z", "user": 1, "content_type": 7, "object_id": "16", "object_repr": "Случайный человек", "action_flag": 1, "change_message": "[{\"added\": {}}]"}}, {"model": "admin.logentry", "pk": 29, "fields": {"action_time": "2025-07-04T15:29:29.950Z", "user": 1, "content_type": 8, "object_id": "5", "object_repr": "Воскресение", "action_flag": 1, "change_message": "[{\"added\": {}}]"}}, {"model": "admin.logentry", "pk": 30, "fields": {"action_time": "2025-07-04T15:29:39.443Z", "user": 1, "content_type": 8, "object_id": "6", "object_repr": "Тот самый фильм", "action_flag": 1, "change_message": "[{\"added\": {}}]"}}, {"model": "admin.logentry", "pk": 31, "fields": {"action_time": "2025-07-04T15:29:48.309Z", "user": 1, "content_type": 8, "object_id": "7", "object_repr": "Тот самый сериал", "action_flag": 1, "change_message": "[{\"added\": {}}]"}}, {"model": "admin.logentry", "pk": 32, "fields": {"action_time": "2025-07-04T15:42:46.181Z", "user": 1, "content_type": 8, "object_id": "8", "object_repr": "\"Под солнцем\"", "action_flag": 1, "change_message": "[{\"added\": {}}]"}}, {"model": "admin.logentry", "pk": 33, "fields": {"action_time": "2025-07-04T15:43:48.812Z", "user": 1, "content_type": 8, "object_id": "9", "object_repr": "\"Тень над бездной\"", "action_flag": 1, "change_message": "[{\"added\": {}}]"}}, {"model": "admin.logentry", "pk": 34, "fields": {"action_time": "2025-07-04T15:43:55.409Z", "user": 1, "content_type": 8, "object_id": "10", "object_repr": "\"Письма будущему\"", "action_flag": 1, "change_message": "[{\"added\": {}}]"}}, {"model": "admin.logentry", "pk": 35, "fields": {"action_time": "2025-07-04T15:44:06.130Z", "user": 1, "content_type": 8, "object_id": "11", "object_repr": "\"Тринадцатый маршрут\"", "action_flag": 1, "change_message": "[{\"added\": {}}]"}}, {"model": "admin.logentry", "pk": 36, "fields": {"action_time": "2025-07-04T15:44:16.202Z", "user": 1, "content_type": 8, "object_id": "12", "object_repr": "\"Сердце под льдом\"", "action_flag": 1, "change_message": "[{\"added\": {}}]"}}, {"model": "admin.logentry", "pk": 37, "fields": {"action_time": "2025-07-04T15:44:27.732Z", "user": 1, "content_type": 8, "object_id": "13", "object_repr": "\"Свобода как выбор\"", "action_flag": 1, "change_message": "[{\"added\": {}}]"}}, {"model": "admin.logentry", "pk": 38, "fields": {"action_time": "2025-07-04T15:44:36.157Z", "user": 1, "content_type": 8, "object_id": "14", "object_repr": "Быть — значит бороться\"", "action_flag": 1, "change_message": "[{\"added\": {}}]"}}, {"model": "admin.logentry", "pk": 39, "fields": {"action_time": "2025-07-04T15:44:44.613Z", "user": 1, "content_type": 8, "object_id": "15", "object_repr": "\"Пыль на экране\"", "action_flag": 1, "change_message": "[{\"added\": {}}]"}}, {"model": "admin.logentry", "pk": 40, "fields": {"action_time": "2025-07-04T15:44:55.886Z", "user": 1, "content_type": 8, "object_id": "16", "object_repr": "\"Архив нулевого часа\"", "action_flag": 1, "change_message": "[{\"added\": {}}]"}}, {"model": "admin.logentry", "pk": 41, "fields": {"action_time": "2025-07-04T15:48:32.233Z", "user": 1, "content_type": 8, "object_id": "17", "object_repr": "\"Шум за кадром\"", "action_flag": 1, "change_message": "[{\"added\": {}}]"}}, {"model": "admin.logentry", "pk": 42, "fields": {"action_time": "2025-07-04T15:50:46.146Z", "user": 1, "content_type": 9, "object_id": "6", "object_repr": "«В темноте легче увидеть свет, если ты перестанешь", "action_flag": 1, "change_message": "[{\"added\": {}}]"}}, {"model": "admin.logentry", "pk": 43, "fields": {"action_time": "2025-07-04T15:50:55.857Z", "user": 1, "content_type": 9, "object_id": "7", "object_repr": "«Иногда, чтобы стать собой, нужно предать то, чем ", "action_flag": 1, "change_message": "[{\"added\": {}}]"}}, {"model": "admin.logentry", "pk": 44, "fields": {"action_time": "2025-07-04T15:51:04.675Z", "user": 1, "content_type": 9, "object_id": "8", "object_repr": "«Тишина говорит громче, чем тысяча оправданий.»", "action_flag": 1, "change_message": "[{\"added\": {}}]"}}, {"model": "admin.logentry", "pk": 45, "fields": {"action_time": "2025-07-04T15:51:13.381Z", "user": 1, "content_type": 9, "object_id": "9", "object_repr": "«Смелость — это не отсутствие страха, а умение тан", "action_flag": 1, "change_message": "[{\"added\": {}}]"}}, {"model": "admin.logentry", "pk": 46, "fields": {"action_time": "2025-07-04T15:51:22.063Z", "user": 1, "content_type": 9, "object_id": "10", "object_repr": "«Люди теряют себя, когда пытаются стать нужными.»", "action_flag": 1, "change_message": "[{\"added\": {}}]"}}, {"model": "admin.logentry", "pk": 47, "fields": {"action_time": "2025-07-04T15:51:30.259Z", "user": 1, "content_type": 9, "object_id": "11", "object_repr": "«Покой — это победа над шумом внутри.»", "action_flag": 1, "change_message": "[{\"added\": {}}]"}}, {"model": "admin.logentry", "pk": 48, "fields": {"action_time": "2025-07-04T15:51:40.793Z", "user": 1, "content_type": 9, "object_id": "12", "object_repr": "«Если ты боишься провала — ты уже проиграл.»", "action_flag": 1, "change_message": "[{\"added\": {}}]"}}, {"model": "admin.logentry", "pk": 49, "fields": {"action_time": "2025-07-04T15:51:51.454Z", "user": 1, "content_type": 9, "object_id": "13", "object_repr": "«Сожаление — это налог на промедление.»", "action_flag": 1, "change_message": "[{\"added\": {}}]"}}, {"model": "admin.logentry", "pk": 50, "fields": {"action_time": "2025-07-04T15:52:02.248Z", "user": 1, "content_type": 9, "object_id": "14", "object_repr": "«Память — это не зеркало, а карандаш.»", "action_flag": 1, "change_message": "[{\"added\": {}}]"}}, {"model": "auth.permission", "pk": 1, "fields": {"name": "Can add log entry", "content_type": 1, "codename": "add_logentry"}}, {"model": "auth.permission", "pk": 2, "fields": {"name": "Can change log entry", "content_type": 1, "codename": "change_logentry"}}, {"model": "auth.permission", "pk": 3, "fields": {"name": "Can delete log entry", "content_type": 1, "codename": "delete_logentry"}}, {"model": "auth.permission", "pk": 4, "fields": {"name": "Can view log entry", "content_type": 1, "codename": "view_logentry"}}, {"model": "auth.permission", "pk": 5, "fields": {"name": "Can add permission", "content_type": 2, "codename": "add_permission"}}, {"model": "auth.permission", "pk": 6, "fields": {"name": "Can change permission", "content_type": 2, "codename": "change_permission"}}, {"model": "auth.permission", "pk": 7, "fields": {"name": "Can delete permission", "content_type": 2, "codename": "delete_permission"}}, {"model": "auth.permission", "pk": 8, "fields": {"name": "Can view permission", "content_type": 2, "codename": "view_permission"}}, {"model": "auth.permission", "pk": 9, "fields": {"name": "Can add group", "content_type": 3, "codename": "add_group"}}, {"model": "auth.permission", "pk": 10, "fields": {"name": "Can change group", "content_type": 3, "codename": "change_group"}}, {"model": "auth.permission", "pk": 11, "fields": {"name": "Can delete group", "content_type": 3, "codename": "delete_group"}}, {"model": "auth.permission", "pk": 12, "fields": {"name": "Can view group", "content_type": 3, "codename": "view_group"}}, {"model": "auth.permission", "pk": 13, "fields": {"name": "Can add user", "content_type": 4, "codename": "add_user"}}, {"model": "auth.permission", "pk": 14, "fields": {"name": "Can change user", "content_type": 4, "codename": "change_user"}}, {"model": "auth.permission", "pk": 15, "fields": {"name": "Can delete user", "content_type": 4, "codename": "delete_user"}}, {"model": "auth.permission", "pk": 16, "fields": {"name": "Can view user", "content_type": 4, "codename": "view_user"}}, {"model": "auth.permission", "pk": 17, "fields": {"name": "Can add content type", "content_type": 5, "codename": "add_contenttype"}}, {"model": "auth.permission", "pk": 18, "fields": {"name": "Can change content type", "content_type": 5, "codename": "change_contenttype"}}, {"model": "auth.permission", "pk": 19, "fields": {"name": "Can delete content type", "content_type": 5, "codename": "delete_contenttype"}}, {"model": "auth.permission", "pk": 20, "fields": {"name": "Can view content type", "content_type": 5, "codename": "view_contenttype"}}, {"model": "auth.permission", "pk": 21, "fields": {"name": "Can add session", "content_type": 6, "codename": "add_session"}}, {"model": "auth.permission", "pk": 22, "fields": {"name": "Can change session", "content_type": 6, "codename": "change_session"}}, {"model": "auth.permission", "pk": 23, "fields": {"name": "Can delete session", "content_type": 6, "codename": "delete_session"}}, {"model": "auth.permission", "pk": 24, "fields": {"name": "Can view session", "content_type": 6, "codename": "view_session"}}, {"model": "auth.permission", "pk": 25, "fields": {"name": "Can add author", "content_type": 7, "codename": "add_author"}}, {"model": "auth.permission", "pk": 26, "fields": {"name": "Can change author", "content_type": 7, "codename": "change_author"}}, {"model": "auth.permission", "pk": 27, "fields": {"name": "Can delete author", "content_type": 7, "codename": "delete_author"}}, {"model": "auth.permission", "pk": 28, "fields": {"name": "Can view author", "content_type": 7, "codename": "view_author"}}, {"model": "auth.permission", "pk": 29, "fields": {"name": "Can add source", "content_type": 8, "codename": "add_source"}}, {"model": "auth.permission", "pk": 30, "fields": {"name": "Can change source", "content_type": 8, "codename": "change_source"}}, {"model": "auth.permission", "pk": 31, "fields": {"name": "Can delete source", "content_type": 8, "codename": "delete_source"}}, {"model": "auth.permission", "pk": 32, "fields": {"name": "Can view source", "content_type": 8, "codename": "view_source"}}, {"model": "auth.permission", "pk": 33, "fields": {"name": "Can add quote", "content_type": 9, "codename": "add_quote"}}, {"model": "auth.permission", "pk": 34, "fields": {"name": "Can change quote", "content_type": 9, "codename": "change_quote"}}, {"model": "auth.permission", "pk": 35, "fields": {"name": "Can delete quote", "content_type": 9, "codename": "delete_quote"}}, {"model": "auth.permission", "pk": 36, "fields": {"name": "Can view quote", "content_type": 9, "codename": "view_quote"}}, {"model": "auth.permission", "pk": 37, "fields": {"name": "Can add user", "content_type": 10, "codename": "add_user"}}, {"model": "auth.permission", "pk": 38, "fields": {"name": "Can change user", "content_type": 10, "codename": "change_user"}}, {"model": "auth.permission", "pk": 39, "fields": {"name": "Can delete user", "content_type": 10, "codename": "delete_user"}}, {"model": "auth.permission", "pk": 40, "fields": {"name": "Can view user", "content_type": 10, "codename": "view_user"}}, {"model": "auth.permission", "pk": 41, "fields": {"name": "Can add vote", "content_type": 11, "codename": "add_vote"}}, {"model": "auth.permission", "pk": 42, "fields": {"name": "Can change vote", "content_type": 11, "codename": "change_vote"}}, {"model": "auth.permission", "pk": 43, "fields": {"name": "Can delete vote", "content_type": 11, "codename": "delete_vote"}}, {"model": "auth.permission", "pk": 44, "fields": {"name": "Can view vote", "content_type": 11, "codename": "view_vote"}}, {"model": "auth.user", "pk": 1, "fields": {"password": "pbkdf2_sha256$1000000$HrRqoGLruDYi6nBoYWxwzW$l2XXqYXF31OjMLVj1BIyG037u0bqQ/rMdPI3UeV4/9Y=", "last_login": "2025-07-03T05:44:26.033Z", "is_superuser": true, "username": "lev", "first_name": "", "last_name": "", "email": "", "is_staff": true, "is_active": true, "date_joined": "2025-07-02T11:42:35.877Z", "groups": [], "user_permissions": []}}, {"model": "contenttypes.contenttype", "pk": 1, "fields": {"app_label": "admin", "model": "logentry"}}, {"model": "contenttypes.contenttype", "pk": 2, "fields": {"app_label": "auth", "model": "permission"}}, {"model": "contenttypes.contenttype", "pk": 3, "fields": {"app_label": "auth", "model": "group"}}, {"model": "contenttypes.contenttype", "pk": 4, "fields": {"app_label": "auth", "model": "user"}}, {"model": "contenttypes.contenttype", "pk": 5, "fields": {"app_label": "contenttypes", "model": "contenttype"}}, {"model": "contenttypes.contenttype", "pk": 6, "fields": {"app_label": "sessions", "model": "session"}}, {"model": "contenttypes.contenttype", "pk": 7, "fields": {"app_label": "quotes", "model": "author"}}, {"model": "contenttypes.contenttype", "pk": 8, "fields": {"app_label": "quotes", "model": "source"}}, {"model": "contenttypes.contenttype", "pk": 9, "fields": {"app_label": "quotes", "model": "quote"}}, {"model": "contenttypes.contenttype", "pk": 10, "fields": {"app_label": "users", "model": "user"}}, {"model": "contenttypes.contenttype", "pk": 11, "fields": {"app_label": "quotes", "model": "vote"}}, {"model": "sessions.session", "pk": "6vk14nny27nv5eoctmy8fok3jxzwjduh", "fields": {"session_data": ".eJxVjDEOwjAMRe-SGUWxaXDLyM4ZIid2SAGlUtNOiLtDpQ6w_vfef5nA61LC2nQOo5izAXP43SKnh9YNyJ3rbbJpqss8RrspdqfNXifR52V3_w4Kt_KtO_JH4uQTO9CE_eB87h2pREIF0oEhoyBgPKGQMjjKiZwodIAQ1bw_3wk36A:1uXCkE:_QOg8pbBdKoA784vn04Z8NN4C7kZWEtQ6zPYVzHYFno", "expire_date": "2025-07-17T05:44:26.043Z"}}, {"model": "quotes.author", "pk": 1, "fields": {"name": "Антуан де Сент-Экзюпери"}}, {"model": "quotes.author", "pk": 2, "fields": {"name": "Александр Грибоедов"}}, {"model": "quotes.author", "pk": 3, "fields": {"name": "Михаил Булгаков"}}, {"model": "quotes.author", "pk": 4, "fields": {"name": "Владимир Высоцкий"}}, {"model": "quotes.author", "pk": 5, "fields": {"name": "Ирина Дубцова"}}, {"model": "quotes.author", "pk": 6, "fields": {"name": "Мартин Лютера Кинг"}}, {"model": "quotes.author", "pk": 7, "fields": {"name": ""}}, {"model": "quotes.author", "pk": 8, "fields": {"name": "Лев Толстой"}}, {"model": "quotes.author", "pk": 9, "fields": {"name": "Иван Грозный"}}, {"model": "quotes.author", "pk": 10, "fields": {"name": "Дмитрий Донской"}}, {"model": "quotes.author", "pk": 11, "fields": {"name": "Петр Первый"}}, {"model": "quotes.author", "pk": 12, "fields": {"name": "Тот самый"}}, {"model": "quotes.author", "pk": 13, "fields": {"name": "Жених"}}, {"model": "quotes.author", "pk": 14, "fields": {"name": "Источник цитат 0.1"}}, {"model": "quotes.author", "pk": 15, "fields": {"name": "Источник 0.2"}}, {"model": "quotes.author", "pk": 16, "fields": {"name": "Случайный человек"}}, {"model": "quotes.source", "pk": 1, "fields": {"name": "\"Маленький принц\".", "author": 1, "type": "book"}}, {"model": "quotes.source", "pk": 2, "fields": {"name": "\"Горе от ума\"", "author": 1, "type": "book"}}, {"model": "quotes.source", "pk": 3, "fields": {"name": "\"Бригада\"", "author": 7, "type": "series"}}, {"model": "quotes.source", "pk": 4, "fields": {"name": "\"Марш на Вашингтон\"", "author": 6, "type": "public_speech"}}, {"model": "quotes.source", "pk": 5, "fields": {"name": "Воскресение", "author": 8, "type": "book"}}, {"model": "quotes.source", "pk": 6, "fields": {"name": "Тот самый фильм", "author": 14, "type": "movie"}}, {"model": "quotes.source", "pk": 7, "fields": {"name": "Тот самый сериал", "author": 15, "type": "series"}}, {"model": "quotes.source", "pk": 8, "fields": {"name": "\"Под солнцем\"", "author": 11, "type": "series"}}, {"model": "quotes.source", "pk": 9, "fields": {"name": "\"Тень над бездной\"", "author": 12, "type": "song"}}, {"model": "quotes.source", "pk": 10, "fields": {"name": "\"Письма будущему\"", "author": 1, "type": "book"}}, {"model": "quotes.source", "pk": 11, "fields": {"name": "\"Тринадцатый маршрут\"", "author": 16, "type": "movie"}}, {"model": "quotes.source", "pk": 12, "fields": {"name": "\"Сердце под льдом\"", "author": 9, "type": "public_speech"}}, {"model": "quotes.source", "pk": 13, "fields": {"name": "\"Свобода как выбор\"", "author": 10, "type": "song"}}, {"model": "quotes.source", "pk": 14, "fields": {"name": "Быть — значит бороться\"", "author": 4, "type": "series"}}, {"model": "quotes.source", "pk": 15, "fields": {"name": "\"Пыль на экране\"", "author": 13, "type": "movie"}}, {"model": "quotes.source", "pk": 16, "fields": {"name": "\"Архив нулевого часа\"", "author": 14, "type": "song"}}, {"model": "quotes.source", "pk": 17, "fields": {"name": "\"Шум за кадром\"", "author": 10, "type": "movie"}}, {"model": "quotes.quote", "pk": 1, "fields": {"text": "\"У меня есть мечта\"", "source": 4, "weight": 4, "views": 66, "likes": 1, "dislikes": 0}}, {"model": "quotes.quote", "pk": 2, "fields": {"text": "\"На каждого крутого бойца ещё круче найдётся.\"", "source": 3, "weight": 1, "views": 19, "likes": 1, "dislikes": 0}}, {"model": "quotes.quote", "pk": 3, "fields": {"text": "\"Мы в ответе за тех, кого приручили\"", "source": 1, "weight": 1, "views": 20, "likes": 0, "dislikes": 0}}, {"model": "quotes.quote", "pk": 4, "fields": {"text": "\"Счастливые часов не наблюдают\"", "source": 2, "weight": 1, "views": 12, "likes": 0, "dislikes": 1}}, {"model": "quotes.quote", "pk": 5, "fields": {"text": "\"бла бла бла\"", "source": 2, "weight": 1, "views": 0, "likes": 0, "dislikes": 0}}, {"model": "quotes.quote", "pk": 6, "fields": {"text": "«В темноте легче увидеть свет, если ты перестанешь бояться самого мрака.»", "source": 11, "weight": 3, "views": 0, "likes": 0, "dislikes": 0}}, {"model": "quotes.quote", "pk": 7, "fields": {"text": "«Иногда, чтобы стать собой, нужно предать то, чем ты был вчера.»", "source": 15, "weight": 1, "views": 0, "likes": 0, "dislikes": 0}}, {"model": "quotes.quote", "pk": 8, "fields": {"text": "«Тишина говорит громче, чем тысяча оправданий.»", "source": 14, "weight": 1, "views": 0, "likes": 0, "dislikes": 0}}, {"model": "quotes.quote", "pk": 9, "fields": {"text": "«Смелость — это не отсутствие страха, а умение танцевать с ним.»", "source": 6, "weight": 1, "views": 0, "likes": 0, "dislikes": 0}}, {"model": "quotes.quote", "pk": 10, "fields": {"text": "«Люди теряют себя, когда пытаются стать нужными.»", "source": 17, "weight": 1, "views": 0, "likes": 0, "dislikes": 0}}, {"model": "quotes.quote", "pk": 11, "fields": {"text": "«Покой — это победа над шумом внутри.»", "source": 17, "weight": 1, "views": 0, "likes": 0, "dislikes": 0}}, {"model": "quotes.quote", "pk": 12, "fields": {"text": "«Если ты боишься провала — ты уже проиграл.»", "source": 8, "weight": 1, "views": 0, "likes": 0, "dislikes": 0}}, {"model": "quotes.quote", "pk": 13, "fields": {"text": "«Сожаление — это налог на промедление.»", "source": 7, "weight": 1, "views": 0, "likes": 0, "dislikes": 0}}, {"model": "quotes.quote", "pk": 14, "fields": {"text": "«Память — это не зеркало, а карандаш.»", "source": 13, "weight": 1, "views": 0, "likes": 0, "dislikes": 0}}, {"model": "quotes.vote", "pk": 2, "fields": {"user_id": 1, "quote_id": 4, "type": "dislike"}}, {"model": "quotes.vote", "pk": 3, "fields": {"user_id": 1, "quote_id": 1, "type": "like"}}, {"model": "quotes.vote", "pk": 4, "fields": {"user_id": 1, "quote_id": 2, "type": "like"}}]